Tempo (s),Y,Set Point
0.0,33.69,50
0.0,33.69,50
0.10091447830200195,33.69,50
0.2020721435546875,33.2,50
0.3033294677734375,33.69,50
0.40473127365112305,33.2,50
0.5053997039794922,33.2,50
0.6060643196105957,33.2,50
0.7074980735778809,33.2,50
0.8095066547393799,33.69,50
0.9102857112884521,33.2,50
1.0107948780059814,33.69,50
1.1115119457244873,33.2,50
1.2125053405761719,33.69,50
1.3139410018920898,33.69,50
1.4150991439819336,33.2,50
1.5158190727233887,33.2,50
1.6166791915893555,33.69,50
1.718376874923706,33.2,50
1.8188409805297852,33.2,50
1.9200749397277832,33.2,50
2.021578788757324,33.2,50
2.122995615005493,33.2,50
2.224482774734497,33.2,50
2.325566291809082,33.69,50
2.427121877670288,33.69,50
2.5276989936828613,32.71,50
2.6286206245422363,33.2,50
2.7295331954956055,33.69,50
2.8307366371154785,33.69,50
2.931636333465576,33.2,50
3.0328919887542725,33.69,50
3.1337881088256836,33.2,50
3.235490560531616,33.2,50
3.3357677459716797,33.69,50
3.43656325340271,33.69,50
3.53780198097229,33.2,50
3.6384100914001465,33.69,50
3.7395412921905518,33.2,50
3.840118646621704,33.2,50
3.9405975341796875,33.2,50
4.041684627532959,33.2,50
4.143204927444458,33.69,50
4.244281530380249,33.69,50
4.345574140548706,33.69,50
4.446675777435303,33.69,50
4.54726767539978,33.69,50
4.6487836837768555,33.2,50
4.749731540679932,33.2,50
4.850780010223389,33.69,50
4.951697826385498,33.69,50
5.052372217178345,33.2,50
5.15305757522583,33.69,50
5.254337310791016,33.69,50
5.355602502822876,33.2,50
5.456657648086548,33.69,50
5.5577380657196045,33.69,50
5.659117698669434,33.69,50
5.7598607540130615,33.2,50
5.86091423034668,34.67,50
5.961542129516602,33.69,50
6.062256336212158,33.69,50
6.163092851638794,33.69,50
6.264153003692627,33.69,50
6.365572690963745,33.69,50
6.466620922088623,33.2,50
6.567965030670166,33.69,50
6.669275283813477,33.2,50
6.770454406738281,33.69,50
6.871147632598877,33.69,50
6.972841739654541,33.69,50
7.0737128257751465,33.69,50
7.174800395965576,34.18,50
7.2753746509552,33.69,50
7.376461505889893,33.69,50
7.477642297744751,33.69,50
7.578839540481567,33.69,50
7.68014669418335,34.18,50
7.781707763671875,33.69,50
7.882495880126953,34.18,50
7.983502149581909,33.69,50
8.084716081619263,34.18,50
8.185739040374756,34.18,50
8.286829471588135,33.69,50
8.388046264648438,33.69,50
8.489277839660645,34.18,50
8.590556144714355,34.18,50
8.691583156585693,34.18,50
8.792760372161865,33.2,50
8.894019365310669,34.18,50
8.995331764221191,34.18,50
9.096506118774414,34.18,50
9.197454929351807,34.18,50
9.298484563827515,34.18,50
9.399421691894531,34.18,50
9.500360012054443,34.18,50
9.60129976272583,34.67,50
9.702236413955688,34.18,50
9.803355693817139,34.67,50
9.904887914657593,34.18,50
10.005940675735474,34.67,50
10.106858015060425,34.67,50
10.207615375518799,34.67,50
10.30897855758667,34.18,50
10.410135984420776,34.18,50
10.511314868927002,34.18,50
10.612947463989258,34.67,50
10.713884592056274,34.67,50
10.8151535987854,34.67,50
10.915227174758911,34.67,50
11.016108751296997,34.67,50
11.117315530776978,35.16,50
11.21869421005249,34.67,50
11.318824529647827,35.16,50
11.420198440551758,34.67,50
11.521214246749878,34.67,50
11.622936487197876,34.67,50
11.723068237304688,34.67,50
11.824128150939941,34.67,50
11.925456762313843,34.67,50
12.026457786560059,35.16,50
12.127759218215942,35.16,50
12.2286958694458,35.16,50
12.329760313034058,35.16,50
12.43117880821228,35.16,50
12.532118082046509,35.16,50
12.633453845977783,35.16,50
12.734899282455444,35.16,50
12.836101055145264,34.67,50
12.93703842163086,35.16,50
13.038216590881348,35.16,50
13.139450311660767,35.16,50
13.240789890289307,35.16,50
13.342074871063232,35.16,50
13.443155288696289,35.64,50
13.544095993041992,35.16,50
13.645261764526367,35.16,50
13.746161937713623,35.16,50
13.847270250320435,35.16,50
13.948184728622437,35.64,50
14.048914670944214,35.64,50
14.149852752685547,35.16,50
14.250967502593994,35.16,50
14.351918458938599,35.64,50
14.4520583152771,35.64,50
14.553637027740479,35.64,50
14.654526472091675,35.64,50
14.755580186843872,35.64,50
14.856468915939331,36.13,50
14.9570152759552,35.64,50
15.0578134059906,36.13,50
15.159507751464844,36.13,50
15.26023554801941,36.13,50
15.361387968063354,35.64,50
15.462117433547974,35.64,50
15.56316065788269,36.13,50
15.66363787651062,36.13,50
15.764687538146973,36.13,50
15.866071224212646,36.13,50
15.967129230499268,35.64,50
16.068297386169434,36.13,50
16.16911554336548,36.13,50
16.2699716091156,36.13,50
16.370558977127075,36.13,50
16.47187113761902,36.13,50
16.572994709014893,36.13,50
16.67380404472351,36.13,50
16.774580717086792,36.62,50
16.875852823257446,36.62,50
16.976831674575806,36.62,50
17.07748770713806,36.13,50
17.178750038146973,36.62,50
17.28005576133728,36.62,50
17.381559371948242,37.11,50
17.48264789581299,36.62,50
17.583521127700806,36.62,50
17.685271978378296,36.62,50
17.786383628845215,36.62,50
17.887691020965576,36.62,50
17.989206552505493,36.62,50
18.08987021446228,37.11,50
18.191291332244873,37.11,50
18.29195785522461,37.11,50
18.393125772476196,36.62,50
18.49434232711792,36.62,50
18.595023155212402,37.11,50
18.69570803642273,37.11,50
18.796761989593506,37.11,50
18.898034811019897,37.11,50
18.99910044670105,37.11,50
19.099944353103638,37.11,50
19.20127558708191,37.11,50
19.301710605621338,37.6,50
19.402878761291504,37.6,50
19.503708600997925,37.11,50
19.604734420776367,37.6,50
19.705483436584473,37.6,50
19.806230783462524,38.09,50
19.906766414642334,37.6,50
20.008186101913452,37.6,50
20.108954668045044,37.6,50
20.210154056549072,38.09,50
20.311347246170044,37.11,50
20.411916732788086,37.6,50
20.513275146484375,38.09,50
20.61430263519287,37.6,50
20.715486526489258,38.09,50
20.816681385040283,37.6,50
20.918026447296143,38.09,50
21.01865029335022,38.09,50
21.12015175819397,38.09,50
21.220783472061157,38.09,50
21.3212468624115,38.09,50
21.422446489334106,38.09,50
21.52358865737915,38.09,50
21.624116897583008,38.09,50
21.724838733673096,38.57,50
21.826042652130127,38.09,50
21.927589178085327,38.09,50
22.028358221054077,38.57,50
22.129810333251953,38.57,50
22.230205297470093,38.57,50
22.331562042236328,38.57,50
22.43294668197632,38.57,50
22.53405737876892,39.06,50
22.635217905044556,38.57,50
22.735973119735718,38.57,50
22.836480140686035,39.06,50
22.937965869903564,38.57,50
23.038723468780518,38.57,50
23.13994836807251,38.57,50
23.241269826889038,38.57,50
23.342431783676147,38.57,50
23.443768978118896,38.57,50
23.54470443725586,39.06,50
23.645506143569946,39.06,50
23.7461838722229,39.06,50
23.84710669517517,39.06,50
23.948094129562378,39.06,50
24.049429655075073,40.53,50
24.14999485015869,39.06,50
24.251219272613525,39.55,50
24.352245807647705,39.06,50
24.453417539596558,39.06,50
24.553860425949097,39.06,50
24.655306100845337,39.55,50
24.756742238998413,40.04,50
24.85801601409912,39.55,50
24.958842277526855,39.55,50
25.060258865356445,39.55,50
25.161670446395874,39.55,50
25.262712717056274,39.55,50
25.363978624343872,39.55,50
25.4647159576416,40.04,50
25.565845012664795,39.55,50
25.667226791381836,39.55,50
25.768313884735107,40.04,50
25.868463039398193,40.04,50
25.969356060028076,40.04,50
26.07048535346985,40.04,50
26.171947717666626,40.04,50
26.27344512939453,40.04,50
26.374318838119507,40.53,50
26.475430011749268,40.53,50
26.57681918144226,40.04,50
26.67786431312561,40.04,50
26.77863883972168,40.04,50
26.87999653816223,40.53,50
26.981836318969727,40.53,50
27.08256769180298,40.53,50
27.183305978775024,39.55,50
27.28480291366577,40.53,50
27.385689735412598,40.53,50
27.48701024055481,40.53,50
27.588186264038086,40.53,50
27.689040660858154,40.53,50
27.789657592773438,40.53,50
27.890433073043823,40.53,50
27.991782903671265,40.53,50
28.092393398284912,40.04,50
28.19386124610901,41.02,50
28.295358419418335,41.02,50
28.396396160125732,41.02,50
28.497492790222168,41.02,50
28.59907031059265,41.02,50
28.699596405029297,41.5,50
28.80039381980896,41.02,50
28.901621103286743,41.02,50
29.00304865837097,41.02,50
29.104018926620483,41.5,50
29.20499563217163,41.02,50
29.306324005126953,41.02,50
29.40778613090515,41.5,50
29.50882887840271,41.5,50
29.609928369522095,41.5,50
29.710826873779297,41.5,50
29.812050819396973,41.5,50
29.913474798202515,41.99,50
30.013922929763794,41.5,50
30.114959716796875,41.99,50
30.215871572494507,41.99,50
30.31740951538086,41.99,50
30.418352127075195,41.99,50
30.519517421722412,41.99,50
30.620678186416626,41.99,50
30.721735954284668,41.99,50
30.82314944267273,41.99,50
30.92439889907837,41.99,50
31.02567172050476,41.99,50
31.127208709716797,42.48,50
31.228434324264526,41.99,50
31.32887101173401,42.48,50
31.429845571517944,42.48,50
31.53113079071045,42.97,50
31.631890535354614,42.48,50
31.732549905776978,42.97,50
31.833881378173828,42.48,50
31.935072898864746,42.48,50
32.03551197052002,42.48,50
32.13678765296936,42.48,50
32.237168312072754,42.97,50
32.337899684906006,42.97,50
32.438594579696655,42.48,50
32.539490699768066,42.97,50
32.640981674194336,42.97,50
32.74188542366028,42.97,50
32.84239149093628,42.48,50
32.943835496902466,42.97,50
33.04461145401001,42.97,50
33.145206689834595,42.97,50
33.24608063697815,42.97,50
33.346762895584106,43.46,50
33.448426961898804,42.97,50
33.54986119270325,43.46,50
33.6509690284729,43.46,50
33.75251364707947,43.46,50
33.85293221473694,43.46,50
33.95421600341797,43.46,50
34.05548095703125,43.46,50
34.15644121170044,43.46,50
34.257587909698486,42.97,50
34.35882329940796,43.46,50
34.46027636528015,43.95,50
34.56067371368408,43.95,50
34.66109800338745,43.95,50
34.762147426605225,43.95,50
34.86280560493469,43.95,50
34.96417212486267,43.95,50
35.06524467468262,43.95,50
35.16633129119873,43.95,50
35.26695442199707,43.95,50
35.36850094795227,43.95,50
35.46909260749817,44.43,50
35.5703763961792,44.43,50
35.67128229141235,44.43,50
35.77247953414917,44.43,50
35.87355351448059,44.43,50
35.97420072555542,44.43,50
36.07566833496094,44.43,50
36.177101135253906,44.43,50
36.27858901023865,44.43,50
36.37976384162903,44.43,50
36.481075048446655,44.92,50
36.58171272277832,44.92,50
36.682833433151245,44.92,50
36.784308433532715,44.92,50
36.885921478271484,44.92,50
36.98673462867737,44.43,50
37.087796211242676,44.92,50
37.18824481964111,44.92,50
37.289249420166016,44.92,50
37.39010715484619,44.92,50
37.49137496948242,44.92,50
37.592522621154785,44.92,50
37.69379210472107,44.92,50
37.794496297836304,45.41,50
37.8954496383667,44.92,50
37.996575355529785,44.92,50
38.09749913215637,45.41,50
38.198402643203735,44.92,50
38.298869132995605,45.41,50
38.39958310127258,45.41,50
38.50088620185852,45.41,50
38.601085901260376,45.41,50
38.701602935791016,45.41,50
38.80269813537598,45.9,50
38.904064655303955,45.9,50
39.00480937957764,45.41,50
39.105809688568115,45.41,50
39.206851959228516,45.9,50
39.30786085128784,45.9,50
39.40841007232666,45.9,50
39.50959610939026,45.9,50
39.610376596450806,45.9,50
39.71135139465332,45.9,50
39.81243109703064,46.39,50
39.91303896903992,45.9,50
40.01369047164917,45.41,50
40.11432242393494,46.39,50
40.21562051773071,46.39,50
40.31662464141846,45.9,50
40.418107986450195,46.39,50
40.51830005645752,46.39,50
40.61896252632141,46.39,50
40.72038722038269,46.39,50
40.82166266441345,46.39,50
40.922765016555786,46.39,50
41.02394247055054,46.39,50
41.12457323074341,46.88,50
41.22561717033386,46.88,50
41.32671022415161,46.88,50
41.427584171295166,46.88,50
41.52824330329895,46.39,50
41.62965130805969,46.88,50
41.73006725311279,46.39,50
41.830655336380005,46.88,50
41.93180847167969,46.88,50
42.0329430103302,46.88,50
42.133347511291504,46.88,50
42.23452639579773,47.36,50
42.33518147468567,47.36,50
42.43690228462219,46.88,50
42.537540674209595,47.36,50
42.63829064369202,47.36,50
42.73979330062866,47.36,50
42.84087157249451,47.36,50
42.94209003448486,47.36,50
43.042550563812256,47.36,50
43.14335870742798,47.85,50
43.24380421638489,47.36,50
43.34462785720825,47.85,50
43.44592356681824,47.85,50
43.546302318573,47.85,50
43.647692918777466,47.85,50
43.74820160865784,47.85,50
43.8489465713501,47.85,50
43.94947528839111,47.85,50
44.051100730895996,48.34,50
44.15164923667908,47.85,50
44.25226426124573,48.34,50
44.3528938293457,47.85,50
44.45358657836914,48.34,50
44.55497074127197,47.85,50
44.65628504753113,48.34,50
44.757426738739014,48.34,50
44.85797595977783,48.34,50
44.959261655807495,48.34,50
45.06058740615845,48.34,50
45.16196084022522,48.34,50
45.26267886161804,48.34,50
45.36369037628174,48.83,50
45.464924812316895,48.83,50
45.565653800964355,48.83,50
45.66710901260376,48.83,50
45.768288373947144,48.83,50
45.870089292526245,48.83,50
45.97122025489807,48.83,50
46.07245659828186,48.83,50
46.17363214492798,48.83,50
46.27496647834778,48.83,50
46.3757438659668,48.83,50
46.47691869735718,48.83,50
46.578179359436035,48.83,50
46.67877554893494,48.83,50
46.77943015098572,48.83,50
46.879982471466064,49.32,50
46.98118758201599,49.32,50
47.0828001499176,49.32,50
47.18348050117493,49.32,50
47.284785747528076,49.32,50
47.486918449401855,49.32,38
47.486918449401855,49.32,38
47.58815622329712,49.32,38
47.68937849998474,49.8,38
47.79053258895874,49.32,38
47.891937017440796,49.32,38
47.99287223815918,49.32,38
48.094289779663086,49.8,38
48.19527053833008,49.32,38
48.29644179344177,49.8,38
48.397592067718506,49.8,38
48.498199701309204,49.8,38
48.59950804710388,49.8,38
48.7000777721405,49.8,38
48.800727128982544,49.8,38
48.90146541595459,50.29,38
49.00190830230713,49.8,38
49.103442430496216,50.29,38
49.20433259010315,49.8,38
49.30556511878967,50.29,38
49.40681552886963,50.29,38
49.507244348526,50.29,38
49.60784840583801,50.29,38
49.70893430709839,50.29,38
49.80981087684631,50.29,38
49.91078782081604,50.29,38
50.01200890541077,49.8,38
50.113184452056885,50.29,38
50.21457839012146,50.78,38
50.31564712524414,50.78,38
50.41683650016785,50.78,38
50.5178804397583,50.78,38
50.618401288986206,51.27,38
50.7195930480957,50.78,38
50.821205139160156,50.78,38
50.92261576652527,50.78,38
51.02361822128296,50.78,38
51.124781370162964,50.78,38
51.22626781463623,50.78,38
51.32727313041687,50.78,38
51.42833137512207,50.78,38
51.52980160713196,50.78,38
51.63083744049072,50.78,38
51.73244905471802,51.27,38
51.8333055973053,50.78,38
51.934059619903564,51.27,38
52.03452157974243,51.27,38
52.13546347618103,51.27,38
52.236348152160645,51.27,38
52.337421894073486,51.27,38
52.438395738601685,51.27,38
52.53955316543579,51.27,38
52.641157388687134,51.27,38
52.74203181266785,51.27,38
52.842767000198364,51.27,38
52.943766355514526,51.27,38
53.04495978355408,51.27,38
53.146666288375854,51.76,38
53.24756336212158,51.27,38
53.348416328430176,51.27,38
53.44910955429077,51.27,38
53.55015325546265,51.76,38
53.65139889717102,51.76,38
53.753037452697754,51.27,38
53.85366368293762,51.76,38
53.95473790168762,51.76,38
54.05532145500183,51.27,38
54.156880140304565,51.27,38
54.2577383518219,51.27,38
54.35832357406616,51.27,38
54.458828926086426,51.27,38
54.559834718704224,51.76,38
54.6603581905365,51.76,38
54.76169419288635,51.76,38
54.86278581619263,51.76,38
54.96399927139282,51.76,38
55.06540393829346,51.76,38
55.165711641311646,51.76,38
55.26631736755371,51.76,38
55.36687469482422,51.76,38
55.46796202659607,51.76,38
55.56899881362915,50.78,38
55.67027473449707,51.76,38
55.7710645198822,51.76,38
55.872326135635376,51.76,38
55.97339582443237,51.76,38
56.07463836669922,51.76,38
56.17572355270386,51.76,38
56.2760694026947,51.76,38
56.377264738082886,51.76,38
56.478418827056885,51.76,38
56.57939887046814,51.76,38
56.68047094345093,51.76,38
56.78093957901001,51.76,38
56.882110357284546,52.25,38
56.98398232460022,51.76,38
57.08418846130371,51.76,38
57.18538975715637,51.76,38
57.28609561920166,52.25,38
57.38752293586731,51.76,38
57.487953424453735,52.25,38
57.58852434158325,51.76,38
57.68902611732483,51.76,38
57.79027605056763,51.76,38
57.891637086868286,51.76,38
57.99267101287842,51.76,38
58.09463381767273,51.76,38
58.19528245925903,51.76,38
58.296581745147705,51.76,38
58.39774942398071,51.76,38
58.49950695037842,51.76,38
58.599844217300415,52.25,38
58.700798749923706,51.76,38
58.80185127258301,51.76,38
58.902830600738525,52.25,38
59.00390887260437,52.25,38
59.105223417282104,51.76,38
59.20592427253723,51.76,38
59.30740284919739,52.25,38
59.40796685218811,52.25,38
59.50933361053467,51.76,38
59.61017155647278,52.25,38
59.71148920059204,51.76,38
59.81346821784973,51.76,38
59.91418123245239,51.76,38
60.015392541885376,52.25,38
60.1158390045166,52.25,38
60.21642255783081,52.25,38
60.31717038154602,51.76,38
60.417763233184814,52.25,38
60.519243001937866,51.76,38
60.620368003845215,52.73,38
60.72052335739136,51.76,38
60.82211685180664,52.25,38
60.922322273254395,52.25,38
61.023585081100464,51.76,38
61.124486207962036,51.76,38
61.22520160675049,52.25,38
61.326027393341064,52.25,38
61.42697215080261,52.25,38
61.52844452857971,52.25,38
61.630362033843994,51.76,38
61.73064851760864,51.76,38
61.831157207489014,51.76,38
61.93236231803894,51.76,38
62.03336548805237,51.76,38
62.13425397872925,52.25,38
62.23537564277649,51.76,38
62.33662557601929,52.25,38
62.43762016296387,52.25,38
62.53848719596863,51.76,38
62.63944482803345,51.76,38
62.74012851715088,51.76,38
62.84156680107117,51.76,38
62.94209098815918,51.76,38
63.042842626571655,51.76,38
63.14333438873291,51.76,38
63.244044065475464,51.76,38
63.34540557861328,51.76,38
63.44706916809082,51.76,38
63.54791307449341,51.76,38
63.64893937110901,51.76,38
63.74980640411377,51.76,38
63.851330041885376,51.76,38
63.95285129547119,51.27,38
64.05404019355774,51.76,38
64.15522456169128,51.76,38
64.2561707496643,51.76,38
64.35705971717834,51.76,38
64.45738816261292,51.76,38
64.55832481384277,51.76,38
64.65889167785645,51.76,38
64.75968837738037,51.76,38
64.86018085479736,51.76,38
64.96083116531372,51.76,38
65.06206393241882,51.76,38
65.16278862953186,51.76,38
65.26458787918091,51.76,38
65.36474657058716,51.76,38
65.4656252861023,51.76,38
65.5663366317749,51.76,38
65.66720819473267,51.27,38
65.76843905448914,51.76,38
65.86923456192017,51.27,38
65.97017812728882,51.76,38
66.07130837440491,51.76,38
66.17260885238647,51.76,38
66.27397394180298,51.76,38
66.3754391670227,51.76,38
66.47690510749817,51.27,38
66.57806491851807,51.76,38
66.6794228553772,51.27,38
66.78054714202881,51.76,38
66.88149356842041,51.76,38
66.98270869255066,51.76,38
67.08395099639893,51.27,38
67.18419218063354,51.27,38
67.28516554832458,51.76,38
67.38653826713562,51.76,38
67.48730969429016,51.27,38
67.587810754776,51.27,38
67.68919634819031,51.27,38
67.78982138633728,51.76,38
67.89094710350037,51.27,38
67.99207544326782,51.27,38
68.09291934967041,51.27,38
68.19409155845642,51.27,38
68.29545760154724,51.27,38
68.3966588973999,51.27,38
68.49788546562195,51.27,38
68.59923839569092,51.27,38
68.6998679637909,51.27,38
68.80122900009155,51.27,38
68.90278506278992,51.27,38
69.00367069244385,51.27,38
69.1046872138977,51.27,38
69.20546269416809,51.27,38
69.30731105804443,51.27,38
69.4079806804657,50.78,38
69.50918388366699,51.27,38
69.61037278175354,50.78,38
69.71112775802612,51.27,38
69.81177473068237,51.76,38
69.91292095184326,51.27,38
70.01419448852539,51.27,38
70.1150770187378,51.27,38
70.21610283851624,51.27,38
70.31669974327087,50.78,38
70.41717147827148,51.27,38
70.51827073097229,51.27,38
70.61989665031433,51.27,38
70.72054553031921,51.27,38
70.8219428062439,51.27,38
70.92340230941772,50.78,38
71.02416133880615,50.78,38
71.12519788742065,51.27,38
71.22606015205383,51.27,38
71.32699275016785,51.27,38
71.42775249481201,50.78,38
71.52856731414795,50.78,38
71.62962913513184,50.78,38
71.73093056678772,51.27,38
71.83205127716064,50.78,38
71.93341088294983,50.78,38
72.03384971618652,50.78,38
72.13515758514404,50.78,38
72.23656487464905,50.78,38
72.33784770965576,50.29,38
72.43965029716492,50.78,38
72.54063653945923,50.78,38
72.64117765426636,50.78,38
72.74176979064941,50.78,38
72.8432502746582,50.78,38
72.94433307647705,50.78,38
73.0455641746521,50.78,38
73.14690208435059,50.78,38
73.24756932258606,50.78,38
73.3491599559784,50.78,38
73.45024299621582,50.78,38
73.5513002872467,50.78,38
73.65177083015442,50.78,38
73.75273442268372,50.78,38
73.85405135154724,50.29,38
73.95481491088867,50.29,38
74.05561089515686,50.29,38
74.15609359741211,50.78,38
74.25728607177734,50.78,38
74.35877847671509,50.29,38
74.46016836166382,50.78,38
74.56089425086975,50.78,38
74.66205048561096,50.29,38
74.7630672454834,50.29,38
74.86430788040161,50.29,38
74.96514368057251,50.29,38
75.06647777557373,50.29,38
75.1675591468811,50.29,38
75.26884603500366,49.8,38
75.3694097995758,50.29,38
75.47034883499146,50.29,38
75.57116866111755,50.78,38
75.6724374294281,50.29,38
75.77336955070496,50.29,38
75.87442517280579,50.29,38
75.97560977935791,50.29,38
76.07665801048279,50.78,38
76.17732000350952,50.78,38
76.27837014198303,50.29,38
76.37976479530334,49.8,38
76.4802360534668,50.29,38
76.58034205436707,50.29,38
76.68178725242615,50.29,38
76.78272581100464,50.29,38
76.88388633728027,50.29,38
76.98432660102844,50.29,38
77.08512616157532,50.29,38
77.18614411354065,49.8,38
77.28730368614197,49.8,38
77.38826584815979,49.8,38
77.48920488357544,49.8,38
77.59072709083557,50.29,38
77.6913230419159,49.8,38
77.792489528656,49.8,38
77.89408874511719,49.8,38
77.99546813964844,50.29,38
78.09653830528259,49.8,38
78.19743490219116,49.8,38
78.29837226867676,49.8,38
78.40012693405151,49.8,38
78.5012514591217,50.29,38
78.60188007354736,49.8,38
78.70239925384521,49.8,38
78.80343198776245,49.8,38
78.90496897697449,49.8,38
79.00517177581787,49.8,38
79.10620856285095,49.32,38
79.20714592933655,49.8,38
79.30824565887451,49.8,38
79.40954232215881,49.32,38
79.5110251903534,49.8,38
79.61190485954285,49.32,38
79.7135078907013,49.8,38
79.81393098831177,49.32,38
79.91557288169861,49.8,38
80.01647615432739,49.32,38
80.11786937713623,49.32,38
80.21880602836609,49.32,38
80.31978273391724,49.32,38
80.42081594467163,49.32,38
80.52223896980286,49.32,38
80.62289929389954,49.32,38
80.72395730018616,49.32,38
80.82411360740662,49.32,38
80.92485737800598,48.83,38
81.02577662467957,48.34,38
81.12690687179565,49.32,38
81.22860908508301,48.83,38
81.32984662055969,49.32,38
81.43049168586731,49.32,38
81.53112196922302,48.83,38
81.6319670677185,49.32,38
81.7324538230896,48.83,38
81.8337836265564,49.32,38
81.93485379219055,48.83,38
82.03502202033997,49.32,38
82.13710236549377,48.83,38
82.2379219532013,48.83,38
82.33942747116089,48.83,38
82.43989682197571,48.83,38
82.54072523117065,48.83,38
82.64167070388794,48.83,38
82.7426860332489,48.83,38
82.8432879447937,48.83,38
82.94441246986389,48.83,38
83.04511165618896,48.83,38
83.1469714641571,48.83,38
83.24759435653687,49.32,38
83.34886574745178,48.83,38
83.44932556152344,48.83,38
83.55035996437073,48.83,38
83.65129780769348,48.83,38
83.75223565101624,48.83,38
83.85317349433899,48.83,38
83.95428705215454,48.83,38
84.05533766746521,48.34,38
84.1558256149292,48.83,38
84.25714921951294,48.83,38
84.3582706451416,48.83,38
84.45936512947083,48.34,38
84.56068062782288,48.83,38
84.6612343788147,48.34,38
84.76259803771973,48.34,38
84.86393070220947,48.34,38
84.96481704711914,48.34,38
85.0656087398529,48.34,38
85.16666173934937,48.83,38
85.26728463172913,48.83,38
85.36810040473938,48.34,38
85.46966433525085,48.34,38
85.57032418251038,48.34,38
85.6715681552887,47.85,38
85.77287602424622,48.34,38
85.87417244911194,48.34,38
85.9750726222992,47.85,38
86.076411485672,47.85,38
86.17723822593689,48.34,38
86.27840518951416,47.85,38
86.37965250015259,47.85,38
86.48002576828003,47.85,38
86.5814459323883,48.34,38
86.68202662467957,48.83,38
86.7838225364685,48.34,38
86.88401579856873,47.85,38
86.98472952842712,47.85,38
87.08538246154785,47.85,38
87.18675231933594,47.85,38
87.28804135322571,47.85,38
87.38950538635254,47.85,38
87.4907774925232,47.36,38
87.59220933914185,47.85,38
87.69325375556946,47.85,38
87.79467511177063,47.85,38
87.89538335800171,47.36,38
87.99597644805908,47.85,38
88.09730339050293,47.85,38
88.19807863235474,47.85,38
88.29870533943176,47.36,38
88.39961695671082,47.36,38
88.50073218345642,47.85,38
88.60171341896057,47.36,38
88.7022955417633,47.36,38
88.80339193344116,47.36,38
88.90385365486145,47.36,38
89.00444722175598,47.36,38
89.10565829277039,47.36,38
89.20658755302429,47.85,38
89.30782294273376,48.34,38
89.40828895568848,47.36,38
89.50926566123962,47.36,38
89.6104986667633,47.36,38
89.71183514595032,47.36,38
89.81313872337341,47.36,38
89.91437840461731,46.88,38
90.01497721672058,47.85,38
90.11647129058838,46.88,38
90.21792888641357,47.36,38
90.31912589073181,47.36,38
90.42054843902588,46.88,38
90.52093386650085,46.88,38
90.6213915348053,46.88,38
90.72241950035095,46.88,38
90.82295966148376,46.88,38
90.92423701286316,46.88,38
91.02475905418396,46.88,38
91.12574553489685,46.88,38
91.22655749320984,46.88,38
91.32711911201477,46.88,38
91.42763137817383,46.88,38
91.52857446670532,46.88,38
91.62966442108154,46.88,38
91.73084735870361,46.88,38
91.83198499679565,46.88,38
91.93292689323425,46.88,38
92.03379034996033,46.88,38
92.1350417137146,46.88,38
92.23657703399658,46.88,38
92.33805704116821,46.39,38
92.43938517570496,46.39,38
92.54061150550842,46.88,38
92.64116477966309,46.88,38
92.74202632904053,46.39,38
92.84353542327881,46.88,38
92.9448971748352,46.88,38
93.04588508605957,46.39,38
93.14734387397766,46.39,38
93.24820756912231,46.39,38
93.34972333908081,46.39,38
93.45077967643738,46.88,38
93.55138182640076,46.39,38
93.65239930152893,45.9,38
93.75365495681763,46.39,38
93.85468077659607,46.39,38
93.95677638053894,45.41,38
94.05730438232422,46.39,38
94.15826058387756,46.39,38
94.25879836082458,45.9,38
94.35982513427734,46.39,38
94.46109771728516,46.39,38
94.5625307559967,46.39,38
94.6633710861206,46.39,38
94.76442456245422,45.9,38
94.8656153678894,46.39,38
94.96649527549744,45.9,38
95.06776809692383,45.9,38
95.16859555244446,45.9,38
95.26999711990356,46.39,38
95.37055730819702,45.9,38
95.47123408317566,45.9,38
95.5718092918396,45.9,38
95.67296838760376,45.9,38
95.77353954315186,46.39,38
95.87498354911804,46.39,38
95.97669053077698,45.9,38
96.07775855064392,45.9,38
96.17843437194824,45.9,38
96.27984762191772,45.9,38
96.38095116615295,45.41,38
96.48201537132263,45.41,38
96.5825560092926,45.9,38
96.6837637424469,45.9,38
96.7839081287384,45.41,38
96.88454341888428,45.9,38
96.98546934127808,45.9,38
97.08627104759216,45.9,38
97.18727564811707,45.9,38
97.28792834281921,45.9,38
97.38856482505798,45.41,38
97.48961758613586,45.9,38
97.59088158607483,45.41,38
97.69216132164001,45.9,38
97.79280924797058,45.41,38
97.89428281784058,45.41,38
97.99542355537415,45.41,38
98.09690976142883,45.41,38
98.19846534729004,45.41,38
98.29978203773499,45.41,38
98.4011881351471,45.41,38
98.5024642944336,45.41,38
98.60374784469604,45.41,38
98.70487952232361,45.41,38
98.80593705177307,45.41,38
98.90708637237549,45.41,38
99.00860905647278,45.41,38
99.10915184020996,44.92,38
99.20981740951538,45.41,38
99.31137752532959,45.41,38
99.41261267662048,45.41,38
99.51381707191467,45.41,38
99.61517310142517,44.92,38
99.71597528457642,44.92,38
99.81648111343384,44.92,38
99.91712880134583,44.92,38
100.01817584037781,44.92,38
100.11986064910889,44.92,38
100.22032642364502,44.92,38
100.32040166854858,44.92,38
100.42148351669312,44.92,38
100.52203679084778,44.92,38
100.62273812294006,44.43,38
100.72406721115112,45.41,38
100.82507658004761,44.92,38
100.9264874458313,44.92,38
101.02737402915955,44.92,38
101.1286461353302,44.92,38
101.22919654846191,44.43,38
101.33020663261414,44.92,38
101.4309446811676,44.43,38
101.5324764251709,44.43,38
101.63292074203491,44.43,38
101.73403811454773,44.92,38
101.83510279655457,44.92,38
101.9354031085968,44.92,38
102.03628420829773,44.43,38
102.13689184188843,44.43,38
102.23741436004639,44.43,38
102.33886170387268,44.43,38
102.44040489196777,44.43,38
102.54182863235474,44.43,38
102.64307165145874,44.43,38
102.7438063621521,44.43,38
102.84516024589539,44.43,38
102.94659233093262,44.43,38
103.04727506637573,43.95,38
103.14858675003052,43.95,38
103.24989819526672,44.43,38
103.3509132862091,44.43,38
103.45143246650696,43.95,38
103.55271315574646,43.95,38
103.654212474823,44.43,38
103.75453448295593,43.95,38
103.85591840744019,43.95,38
103.95688462257385,43.95,38
104.05784630775452,43.95,38
104.15925908088684,43.95,38
104.26057958602905,43.95,38
104.36131954193115,43.95,38
104.46201682090759,43.95,38
104.56337761878967,43.95,38
104.66379570960999,43.95,38
104.76440453529358,43.95,38
104.86542463302612,43.46,38
104.96593236923218,43.46,38
105.06699514389038,43.95,38
105.1679527759552,43.95,38
105.26844811439514,43.46,38
105.36957716941833,43.95,38
105.47107601165771,43.46,38
105.57126498222351,43.95,38
105.67189836502075,43.46,38
105.77283930778503,42.97,38
105.873948097229,43.46,38
105.9750063419342,43.95,38
106.0762848854065,43.95,38
106.17681527137756,43.95,38
106.27773189544678,43.46,38
106.37887334823608,43.46,38
106.48029518127441,43.46,38
106.58097791671753,43.46,38
106.68230056762695,43.46,38
106.78328704833984,43.46,38
106.88349413871765,43.46,38
106.98531651496887,43.46,38
107.08581876754761,43.46,38
107.18753409385681,43.46,38
107.28854489326477,42.97,38
107.38970041275024,43.46,38
107.490469455719,42.97,38
107.59114909172058,43.46,38
107.69238877296448,43.46,38
107.79366874694824,42.97,38
107.89459609985352,43.46,38
107.9955997467041,42.97,38
108.09743404388428,42.97,38
108.1980471611023,42.97,38
108.29884386062622,42.97,38
108.3995258808136,42.97,38
108.50101470947266,42.97,38
108.60228729248047,42.97,38
108.70343017578125,42.97,38
108.80405473709106,42.97,38
108.90510964393616,42.97,38
109.00664114952087,42.97,38
109.10780167579651,42.97,38
109.20907592773438,42.97,38
109.31001305580139,42.97,38
109.41145467758179,42.97,38
109.51196074485779,42.97,38
109.61289525032043,42.97,38
109.71302509307861,42.48,38
109.81372261047363,42.97,38
109.91504669189453,42.97,38
110.01545667648315,42.48,38
110.1167585849762,42.48,38
110.21762466430664,42.97,38
110.31874251365662,42.48,38
110.41975665092468,42.48,38
110.52069234848022,42.48,38
110.62165451049805,42.97,38
110.72196459770203,42.48,38
110.82260918617249,42.48,38
110.92389750480652,42.48,38
111.02526259422302,42.48,38
111.1257655620575,42.48,38
111.22661185264587,42.48,38
111.32725763320923,42.48,38
111.42816185951233,42.48,38
111.52922630310059,42.48,38
111.63030052185059,42.48,38
111.73140025138855,42.48,38
111.83183765411377,41.99,38
111.93262243270874,42.48,38
112.03319716453552,41.99,38
112.13364481925964,42.48,38
112.23540735244751,41.99,38
112.33600544929504,41.99,38
112.43656516075134,41.99,38
112.53761625289917,42.48,38
112.63927912712097,42.48,38
112.73990416526794,42.97,38
112.84066677093506,42.48,38
112.94183444976807,41.99,38
113.04294443130493,41.99,38
113.14414882659912,41.99,38
113.24485564231873,41.99,38
113.34677529335022,42.48,38
113.44740295410156,41.99,38
113.54886770248413,41.99,38
113.64986324310303,41.5,38
113.75131487846375,41.99,38
113.85237312316895,41.99,38
113.95427131652832,41.99,38
114.05479621887207,41.99,38
114.15605735778809,41.5,38
114.25668692588806,41.5,38
114.3573489189148,41.5,38
114.45806670188904,41.99,38
114.55875205993652,41.99,38
114.65937232971191,41.99,38
114.76046943664551,41.5,38
114.86147403717041,41.5,38
114.96253371238708,41.5,38
115.06343221664429,41.5,38
115.164470911026,41.99,38
115.26505851745605,41.5,38
115.36623191833496,41.5,38
115.46642851829529,41.5,38
115.56774067878723,41.5,38
115.6686794757843,41.5,38
115.770259141922,41.5,38
115.87150883674622,41.5,38
115.97255110740662,41.5,38
116.07351040840149,41.02,38
116.17495512962341,41.5,38
116.27602481842041,41.5,38
116.37705183029175,41.5,38
116.47825503349304,41.02,38
116.5788345336914,41.5,38
116.67983984947205,41.5,38
116.78147172927856,41.5,38
116.88222074508667,41.5,38
116.9838764667511,41.5,38
117.0842535495758,41.02,38
117.18506002426147,41.02,38
117.28561520576477,41.02,38
117.38593983650208,41.02,38
117.48663115501404,41.02,38
117.58762168884277,41.02,38
117.68837094306946,41.02,38
117.78985548019409,41.5,38
117.89062333106995,41.02,38
117.99169373512268,40.53,38
118.0929925441742,41.02,38
118.19449353218079,41.02,38
118.29549860954285,41.02,38
118.39622569084167,41.02,38
118.49689221382141,41.02,38
118.59843277931213,41.02,38
118.69901442527771,41.02,38
118.79955267906189,41.02,38
118.90123844146729,40.53,38
119.00144982337952,41.02,38
119.10336184501648,40.53,38
119.20423626899719,40.53,38
119.30558681488037,41.02,38
119.40652275085449,40.53,38
119.50773191452026,40.53,38
119.60844779014587,41.02,38
119.70973038673401,40.53,38
119.81085681915283,40.53,38
119.91202116012573,40.53,38
120.01354455947876,40.53,38
120.11485195159912,41.02,38
120.21598172187805,40.53,38
120.3164267539978,40.53,38
120.41678500175476,40.53,38
120.51829719543457,40.53,38
120.61927056312561,40.53,38
120.72009563446045,40.53,38
120.8215765953064,40.53,38
120.92212772369385,40.04,38
121.02326488494873,40.04,38
121.12484908103943,40.04,38
121.22559714317322,40.04,38
121.32639932632446,40.53,38
121.42697477340698,40.53,38
121.52838182449341,40.53,38
121.62967109680176,40.04,38
121.7308418750763,40.04,38
121.83148121833801,40.04,38
121.93254613876343,40.04,38
122.03373742103577,40.04,38
122.13442492485046,39.55,38
122.2355329990387,40.04,38
122.336660861969,40.04,38
122.43802666664124,40.04,38
122.53932929039001,40.04,38
122.64007592201233,40.04,38
122.74135160446167,40.04,38
122.84236311912537,40.04,38
122.94353723526001,40.04,38
123.04440307617188,40.04,38
123.14489936828613,39.55,38
123.24553227424622,40.04,38
123.34650158882141,40.04,38
123.4476432800293,40.04,38
123.54838418960571,39.55,38
123.64901041984558,39.55,38
123.74946546554565,39.55,38
123.85022926330566,39.55,38
123.9513041973114,39.55,38
124.05180811882019,39.55,38
124.15287685394287,39.55,38
124.35556840896606,39.55,50
124.35556840896606,39.55,50
124.45625138282776,39.55,50
124.55753874778748,40.04,50
124.65907669067383,39.55,50
124.75966286659241,40.04,50
124.86086392402649,39.55,50
124.96203422546387,39.55,50
125.06262135505676,39.55,50
125.16442632675171,39.55,50
125.26454615592957,39.55,50
125.36549186706543,39.55,50
125.46677827835083,39.55,50
125.56821703910828,39.55,50
125.66938018798828,39.06,50
125.7711935043335,39.55,50
125.87141585350037,39.55,50
125.97276473045349,39.06,50
126.07416129112244,39.06,50
126.17454719543457,39.06,50
126.27505898475647,39.06,50
126.37597823143005,39.06,50
126.47736668586731,39.06,50
126.57847785949707,39.06,50
126.67927289009094,39.06,50
126.78022694587708,39.06,50
126.88117909431458,39.55,50
126.98221969604492,39.06,50
127.08328056335449,39.06,50
127.18425107002258,39.55,50
127.28529214859009,39.06,50
127.38630175590515,39.06,50
127.48762893676758,39.06,50
127.58891296386719,39.06,50
127.69007062911987,39.06,50
127.79124069213867,39.06,50
127.89236688613892,39.06,50
127.99300479888916,39.06,50
128.09435844421387,40.04,50
128.19518661499023,39.06,50
128.29575514793396,39.06,50
128.39669752120972,39.06,50
128.49807572364807,39.06,50
128.59914994239807,39.06,50
128.70027351379395,39.06,50
128.80154943466187,39.06,50
128.90252041816711,39.06,50
129.0032501220703,39.06,50
129.10385608673096,39.06,50
129.20491790771484,39.06,50
129.3058307170868,39.06,50
129.40691995620728,39.06,50
129.50731325149536,39.06,50
129.6080584526062,39.06,50
129.70898246765137,39.06,50
129.81016659736633,38.57,50
129.91155457496643,39.06,50
130.01285767555237,39.55,50
130.11366963386536,39.06,50
130.21412992477417,39.06,50
130.31470680236816,39.06,50
130.4160656929016,39.06,50
130.51748418807983,39.06,50
130.61836457252502,39.06,50
130.71988153457642,39.06,50
130.82053542137146,39.06,50
130.92067551612854,39.06,50
131.0214283466339,39.55,50
131.12265181541443,39.06,50
131.22371411323547,39.06,50
131.32495880126953,39.06,50
131.42573261260986,39.06,50
131.52630424499512,39.06,50
131.62710237503052,39.55,50
131.72788190841675,39.06,50
131.8289544582367,39.06,50
131.93045377731323,39.55,50
132.03124690055847,39.06,50
132.13181924819946,39.55,50
132.23340034484863,39.06,50
132.3339295387268,39.55,50
132.43494510650635,39.55,50
132.53625655174255,39.55,50
132.63696575164795,39.06,50
132.737557888031,39.55,50
132.83844804763794,39.55,50
132.93902134895325,39.55,50
133.04008650779724,39.55,50
133.14185881614685,39.55,50
133.24274587631226,39.55,50
133.34412670135498,39.55,50
133.4453830718994,39.55,50
133.54636907577515,39.55,50
133.64688229560852,39.55,50
133.7480001449585,39.55,50
133.84926462173462,39.55,50
133.9500012397766,39.55,50
134.051513671875,39.55,50
134.152015209198,39.06,50
134.25291347503662,39.55,50
134.353759765625,39.55,50
134.4551124572754,39.55,50
134.55658102035522,39.55,50
134.6572299003601,39.55,50
134.75879454612732,39.55,50
134.86003947257996,40.04,50
134.9605474472046,40.04,50
135.0618381500244,40.53,50
135.16234946250916,39.55,50
135.26340341567993,39.55,50
135.36414527893066,39.55,50
135.4649679660797,40.04,50
135.56570863723755,39.55,50
135.6671781539917,40.04,50
135.76810789108276,39.06,50
135.8692615032196,39.55,50
135.9705605506897,40.04,50
136.0716109275818,40.04,50
136.1726472377777,40.04,50
136.27374172210693,40.04,50
136.3745138645172,40.04,50
136.4755461215973,40.04,50
136.57624101638794,40.04,50
136.6767861843109,40.53,50
136.7780134677887,40.04,50
136.87930345535278,40.53,50
136.98073410987854,40.04,50
137.08205914497375,40.04,50
137.18336939811707,40.04,50
137.28355431556702,40.04,50
137.384339094162,40.04,50
137.48583340644836,40.53,50
137.58631467819214,40.04,50
137.6869249343872,40.53,50
137.78813576698303,40.53,50
137.88924264907837,40.53,50
137.99005675315857,40.53,50
138.0909504890442,40.53,50
138.19201016426086,40.53,50
138.29358005523682,40.53,50
138.39412355422974,40.53,50
138.49489164352417,40.53,50
138.59573316574097,40.53,50
138.6970932483673,40.53,50
138.79885864257812,40.53,50
138.89958000183105,40.53,50
139.00107741355896,40.53,50
139.1012728214264,41.02,50
139.2021005153656,40.53,50
139.30325293540955,41.02,50
139.40484404563904,41.02,50
139.50572633743286,41.02,50
139.6065022945404,41.02,50
139.70743083953857,40.53,50
139.80803227424622,41.02,50
139.90905284881592,41.02,50
140.00964260101318,41.99,50
140.11029839515686,41.02,50
140.21164512634277,41.02,50
140.3132016658783,41.02,50
140.4141185283661,41.02,50
140.514750957489,41.02,50
140.6151556968689,41.02,50
140.71664762496948,41.02,50
140.8182020187378,41.5,50
140.91973495483398,41.5,50
141.02039623260498,41.5,50
141.1215100288391,41.5,50
141.22210025787354,41.5,50
141.3237180709839,41.5,50
141.42431211471558,41.5,50
141.5251259803772,41.5,50
141.6257426738739,41.5,50
141.72677516937256,41.5,50
141.82808423042297,41.5,50
141.92908453941345,41.5,50
142.03027081489563,41.5,50
142.13121366500854,41.99,50
142.23215079307556,41.99,50
142.3325355052948,41.99,50
142.43379926681519,41.99,50
142.53466725349426,41.99,50
142.6356053352356,41.5,50
142.73604154586792,41.99,50
142.83780241012573,41.99,50
142.93810200691223,41.99,50
143.0394151210785,41.99,50
143.1404092311859,41.99,50
143.24073195457458,41.99,50
143.3411304950714,41.99,50
143.44175577163696,41.99,50
143.54255056381226,41.99,50
143.64297342300415,41.99,50
143.7439911365509,41.99,50
143.84492826461792,42.48,50
143.9462947845459,42.48,50
144.04732728004456,41.99,50
144.14832067489624,42.48,50
144.24981355667114,41.99,50
144.35108613967896,42.97,50
144.4519808292389,42.48,50
144.55355763435364,42.48,50
144.6544964313507,42.97,50
144.75552678108215,42.48,50
144.85683131217957,42.97,50
144.95810079574585,43.46,50
145.05934524536133,42.48,50
145.1606342792511,42.97,50
145.26195645332336,42.97,50
145.36306977272034,43.46,50
145.46399569511414,42.97,50
145.56493377685547,42.97,50
145.6659870147705,42.97,50
145.7671082019806,42.97,50
145.86830163002014,42.97,50
145.96971535682678,42.97,50
146.07055354118347,42.97,50
146.1712305545807,42.97,50
146.27225422859192,42.48,50
146.37331223487854,42.97,50
146.47405552864075,44.43,50
146.5756869316101,43.46,50
146.6766242980957,43.46,50
146.77780556678772,43.46,50
146.87862920761108,43.46,50
146.97999358177185,43.46,50
147.08108353614807,43.46,50
147.18225955963135,43.46,50
147.2833912372589,43.95,50
147.384539604187,43.95,50
147.48505997657776,43.46,50
147.58627033233643,43.95,50
147.6870858669281,43.95,50
147.78812623023987,44.92,50
147.88867044448853,43.95,50
147.9892134666443,43.95,50
148.0910201072693,43.46,50
148.19204568862915,43.95,50
148.29262018203735,43.95,50
148.39370036125183,43.95,50
148.49469542503357,43.95,50
148.59593844413757,43.95,50
148.6968128681183,43.95,50
148.79787683486938,43.95,50
148.8992486000061,44.43,50
149.00069093704224,44.43,50
149.10121774673462,44.43,50
149.20241904258728,44.43,50
149.30362462997437,44.43,50
149.40515804290771,44.43,50
149.50651025772095,44.43,50
149.60724878311157,44.43,50
149.70787978172302,44.43,50
149.80878067016602,44.43,50
149.90995168685913,44.43,50
150.01065874099731,44.43,50
150.11206030845642,44.92,50
150.21292638778687,44.92,50
150.3141486644745,44.92,50
150.4151051044464,44.92,50
150.51621222496033,44.92,50
150.61683893203735,44.92,50
150.7179877758026,44.92,50
150.81836032867432,44.92,50
150.91896724700928,45.41,50
151.0196225643158,44.92,50
151.12094116210938,44.92,50
151.22262477874756,44.92,50
151.32273697853088,45.41,50
151.42339968681335,45.41,50
151.52414464950562,45.41,50
151.6249976158142,45.41,50
151.72589993476868,45.41,50
151.82657265663147,45.41,50
151.92797708511353,44.92,50
152.02871251106262,45.41,50
152.12983512878418,45.41,50
152.23094964027405,45.41,50
152.33206391334534,45.41,50
152.43270468711853,45.9,50
152.53373956680298,45.41,50
152.63428139686584,45.9,50
152.73491263389587,45.9,50
152.83628249168396,45.9,50
152.93710827827454,45.9,50
153.0381896495819,45.9,50
153.13876056671143,45.9,50
153.23965096473694,45.9,50
153.34062004089355,46.39,50
153.44149589538574,45.9,50
153.54273223876953,45.9,50
153.64363813400269,46.39,50
153.74506068229675,45.9,50
153.84588932991028,46.39,50
153.94738936424255,46.39,50
154.04855060577393,46.39,50
154.14987587928772,46.39,50
154.25099444389343,46.39,50
154.35192775726318,46.39,50
154.45243406295776,47.36,50
154.55368494987488,46.88,50
154.6545147895813,46.39,50
154.75557589530945,46.88,50
154.85709929466248,46.88,50
154.95768570899963,46.39,50
155.0587193965912,46.88,50
155.1601414680481,46.88,50
155.2614026069641,46.88,50
155.36254405975342,46.88,50
155.46389293670654,46.88,50
155.56562519073486,46.88,50
155.66651344299316,46.88,50
155.76805806159973,47.36,50
155.86862754821777,47.36,50
155.9693968296051,46.88,50
156.0709047317505,47.36,50
156.17248463630676,46.88,50
156.2733314037323,47.36,50
156.37389707565308,47.36,50
156.4748351573944,47.36,50
156.57590460777283,47.36,50
156.67655277252197,47.36,50
156.7774896621704,47.36,50
156.87842774391174,47.36,50
156.97939538955688,47.36,50
157.0800108909607,47.36,50
157.18121075630188,47.36,50
157.28250908851624,47.36,50
157.38332390785217,47.85,50
157.4847767353058,47.36,50
157.58602738380432,47.85,50
157.68705368041992,47.85,50
157.78873586654663,47.85,50
157.88905811309814,47.85,50
157.98975896835327,48.34,50
158.09115743637085,48.34,50
158.19252634048462,47.85,50
158.29381918907166,47.85,50
158.3948268890381,48.34,50
158.49560523033142,48.34,50
158.59717965126038,48.34,50
158.69857454299927,48.34,50
158.79925537109375,48.34,50
158.9006519317627,48.34,50
159.00128865242004,48.34,50
159.10274386405945,48.34,50
159.20381021499634,48.34,50
159.30514001846313,48.34,50
159.40577173233032,48.34,50
159.50686883926392,48.83,50
159.6075177192688,48.83,50
159.70865082740784,48.83,50
159.80995631217957,48.83,50
159.9106683731079,48.83,50
160.0118865966797,48.83,50
160.11268591880798,48.83,50
160.21337413787842,48.83,50
160.3139660358429,48.83,50
160.41526103019714,48.83,50
160.5161271095276,48.83,50
160.61798787117004,48.83,50
160.71956133842468,48.83,50
160.82006430625916,48.83,50
161.02112340927124,49.32,38
161.02112340927124,49.32,38
161.12270426750183,49.32,38
161.22345328330994,49.32,38
161.3247389793396,49.32,38
161.4256455898285,49.8,38
161.5271806716919,49.8,38
161.62850213050842,49.32,38
161.72915649414062,49.8,38
161.83050656318665,49.8,38
161.93143153190613,49.8,38
162.03251576423645,49.8,38
162.1337423324585,49.32,38
162.2347948551178,49.32,38
162.33563947677612,49.8,38
162.43733024597168,49.8,38
162.53820395469666,49.8,38
162.63909101486206,50.29,38
162.74066162109375,49.8,38
162.84194898605347,49.8,38
162.9435911178589,49.8,38
163.0449573993683,49.8,38
163.14556241035461,49.8,38
163.24655866622925,50.29,38
163.34764456748962,49.8,38
163.44815039634705,50.29,38
163.54881930351257,50.29,38
163.64950919151306,50.29,38
163.75053524971008,50.29,38
163.8511462211609,50.29,38
163.95196151733398,50.29,38
164.0524034500122,50.29,38
164.15318489074707,50.78,38
164.25405859947205,50.29,38
164.35511469841003,50.29,38
164.4554886817932,50.29,38
164.55601143836975,50.29,38
164.65638995170593,50.29,38
164.75710368156433,50.78,38
164.85832858085632,50.78,38
164.9594383239746,50.29,38
165.05957508087158,50.78,38
165.16108226776123,50.78,38
165.26178216934204,50.78,38
165.3626184463501,50.78,38
165.46381068229675,50.78,38
165.56483364105225,50.78,38
165.66656041145325,50.78,38
165.76772546768188,50.78,38
165.8685576915741,51.27,38
165.968768119812,50.78,38
166.0699484348297,50.78,38
166.17110586166382,50.78,38
166.27267360687256,50.78,38
166.37411046028137,50.78,38
166.47498488426208,50.78,38
166.57622861862183,50.78,38
166.677232503891,51.27,38
166.77845811843872,50.78,38
166.879700422287,51.27,38
166.98102807998657,50.78,38
167.08181524276733,51.27,38
167.18342423439026,51.27,38
167.2846736907959,51.27,38
167.38526701927185,51.27,38
167.48554110527039,51.27,38
167.58647203445435,51.27,38
167.6877920627594,51.27,38
167.7884783744812,51.27,38
167.8904197216034,51.27,38
167.99090433120728,51.27,38
168.0916531085968,51.27,38
168.192556142807,51.27,38
168.29358744621277,51.76,38
168.39476943016052,51.27,38
168.49577021598816,51.76,38
168.59656953811646,51.76,38
168.69799399375916,51.76,38
168.79887104034424,51.27,38
168.89996099472046,51.27,38
169.00114011764526,51.27,38
169.10200691223145,51.76,38
169.20282363891602,51.76,38
169.3042755126953,51.27,38
169.40558671951294,51.76,38
169.5063841342926,51.76,38
169.6076741218567,51.27,38
169.70818901062012,51.27,38
169.8099069595337,51.76,38
169.9110004901886,50.78,38
170.0126142501831,51.27,38
170.11305832862854,51.76,38
170.21362829208374,51.76,38
170.3146893978119,51.76,38
170.41637301445007,51.76,38
170.5174915790558,51.76,38
170.61809873580933,51.76,38
170.71881103515625,51.76,38
170.81946897506714,51.76,38
170.92064881324768,51.76,38
171.02150082588196,51.27,38
171.12215065956116,51.27,38
171.22352290153503,50.78,38
171.32447218894958,51.76,38
171.42568516731262,51.76,38
171.5268383026123,51.76,38
171.62734031677246,51.76,38
171.7285876274109,52.25,38
171.82958698272705,51.76,38
171.93066096305847,51.76,38
172.0312728881836,51.27,38
172.13283348083496,51.76,38
172.23417830467224,51.76,38
172.3356556892395,51.76,38
172.43684935569763,51.27,38
172.5379512310028,51.76,38
172.63898921012878,51.76,38
172.74018788337708,51.76,38
172.84172677993774,51.76,38
172.94301295280457,51.27,38
173.04317808151245,51.76,38
173.144052028656,51.27,38
173.2450771331787,51.76,38
173.34574365615845,51.76,38
173.44686555862427,51.27,38
173.54817366600037,51.76,38
173.64898800849915,51.76,38
173.7502498626709,51.76,38
173.85185074806213,51.76,38
173.95295786857605,51.76,38
174.05356073379517,51.76,38
174.15477776527405,51.76,38
174.25530171394348,51.76,38
174.3560812473297,51.76,38
174.45680689811707,51.76,38
174.55799198150635,51.76,38
174.65914678573608,51.76,38
174.7601900100708,51.76,38
174.86135506629944,51.76,38
174.96249651908875,51.76,38
175.06355333328247,51.76,38
175.1648554801941,51.76,38
175.26528358459473,51.76,38
175.3662989139557,51.76,38
175.46770238876343,51.76,38
175.56921410560608,51.76,38
175.66978859901428,51.76,38
175.77161836624146,51.76,38
175.87185287475586,51.76,38
175.97233533859253,51.76,38
176.0738480091095,51.76,38
176.1752324104309,51.76,38
176.27641654014587,51.27,38
176.3770351409912,51.76,38
176.4785270690918,51.76,38
176.57995223999023,51.76,38
176.6807599067688,51.27,38
176.7818319797516,51.76,38
176.88260078430176,51.76,38
176.98374342918396,51.27,38
177.0845799446106,51.76,38
177.18524193763733,51.76,38
177.28600215911865,51.76,38
177.38785791397095,51.76,38
177.48859357833862,51.76,38
177.58991837501526,51.76,38
177.69051504135132,51.76,38
177.79192328453064,51.76,38
177.89341139793396,51.76,38
177.9943447113037,51.27,38
178.0951747894287,51.76,38
178.19660258293152,51.27,38
178.29810237884521,51.27,38
178.39886951446533,51.76,38
178.4999315738678,51.76,38
178.6005437374115,51.27,38
178.70111346244812,51.27,38
178.80184030532837,52.25,38
178.90293765068054,51.27,38
179.00439858436584,51.27,38
179.1052165031433,51.27,38
179.20600819587708,51.76,38
179.30707788467407,51.27,38
179.4084095954895,51.76,38
179.50908160209656,51.27,38
179.61033272743225,51.27,38
179.71187019348145,50.78,38
179.81300568580627,51.76,38
179.9141960144043,51.76,38
180.0153489112854,51.27,38
180.11641812324524,51.27,38
180.21750807762146,51.27,38
180.31884264945984,51.27,38
180.41990685462952,51.27,38
180.52110695838928,51.27,38
180.62185406684875,51.27,38
180.7229199409485,51.27,38
180.8244390487671,51.27,38
180.92517495155334,51.27,38
181.02588725090027,51.27,38
181.12646770477295,51.27,38
181.22725677490234,51.27,38
181.32849860191345,51.27,38
181.43033361434937,51.27,38
181.5307490825653,51.27,38
181.63180541992188,51.27,38
181.73193979263306,51.27,38
181.83382439613342,51.27,38
181.934504032135,51.27,38
182.03543519973755,51.27,38
182.13629698753357,51.27,38
182.23727250099182,51.27,38
182.33837985992432,51.27,38
182.43992018699646,51.27,38
182.54072952270508,51.27,38
182.64123582839966,51.27,38
182.74199962615967,51.27,38
182.84260416030884,51.27,38
182.94379425048828,50.78,38
183.0448455810547,50.29,38
183.14577913284302,51.27,38
183.24703168869019,50.78,38
183.34844160079956,50.78,38
183.4489028453827,50.78,38
183.5507092475891,51.27,38
183.6508903503418,50.78,38
183.75138354301453,50.78,38
183.85244965553284,50.78,38
183.95374751091003,50.78,38
184.05481433868408,50.78,38
184.15509510040283,50.78,38
184.2564971446991,50.78,38
184.35738110542297,50.78,38
184.45800161361694,50.78,38
184.55897092819214,50.29,38
184.66017937660217,51.27,38
184.76125645637512,50.78,38
184.86286783218384,51.27,38
184.96375441551208,51.27,38
185.06492948532104,50.78,38
185.16643261909485,50.78,38
185.2675416469574,51.27,38
185.3685817718506,50.29,38
185.46938276290894,50.78,38
185.57060933113098,50.78,38
185.67210459709167,50.78,38
185.77315950393677,50.78,38
185.87396454811096,50.78,38
185.97520518302917,50.78,38
186.07565712928772,50.78,38
186.17719864845276,50.78,38
186.27839756011963,50.78,38
186.37951827049255,50.29,38
186.48064947128296,50.78,38
186.5817060470581,50.29,38
186.68242168426514,50.78,38
186.78356075286865,50.29,38
186.88388919830322,50.78,38
186.98534417152405,50.78,38
187.08591508865356,50.29,38
187.187171459198,50.78,38
187.28829407691956,50.29,38
187.38927245140076,50.29,38
187.49092197418213,50.78,38
187.59239959716797,50.29,38
187.69323635101318,50.29,38
187.7943389415741,50.29,38
187.89485096931458,50.78,38
187.9955518245697,50.78,38
188.09655833244324,50.29,38
188.1978030204773,50.29,38
188.29872751235962,50.29,38
188.3998920917511,50.29,38
188.50059032440186,50.29,38
188.6019082069397,50.29,38
188.7029139995575,50.29,38
188.80405044555664,50.29,38
188.90488958358765,50.29,38
189.00554537773132,50.29,38
189.10649919509888,50.29,38
189.20805764198303,50.29,38
189.3091013431549,49.8,38
189.41029357910156,49.8,38
189.51152396202087,50.29,38
189.61315369606018,49.8,38
189.71387219429016,49.8,38
189.81405067443848,49.8,38
189.91540145874023,49.8,38
190.01640677452087,49.8,38
190.11760711669922,49.8,38
190.21878027915955,49.8,38
190.31994247436523,49.8,38
190.421569108963,49.8,38
190.52257347106934,49.8,38
190.62379384040833,49.8,38
190.7243046760559,49.8,38
190.82518196105957,49.8,38
190.92611122131348,49.8,38
191.02726674079895,49.8,38
191.12861585617065,49.8,38
191.2302119731903,49.8,38
191.33134007453918,49.8,38
191.43243217468262,49.8,38
191.5342662334442,49.8,38
191.63501524925232,49.32,38
191.73615503311157,49.8,38
191.83731818199158,49.32,38
191.9378206729889,49.8,38
192.03913831710815,49.8,38
192.14085698127747,49.8,38
192.2410373687744,49.8,38
192.3429799079895,49.8,38
192.44378900527954,49.32,38
192.5443503856659,49.32,38
192.6453983783722,49.32,38
192.7464463710785,49.32,38
192.8477578163147,49.32,38
192.94899654388428,49.8,38
193.0500373840332,49.32,38
193.15151524543762,49.8,38
193.25219535827637,49.32,38
193.35325288772583,49.8,38
193.4543330669403,49.32,38
193.55526685714722,49.32,38
193.65614199638367,49.32,38
193.75728797912598,49.32,38
193.85856676101685,48.83,38
193.95965576171875,49.32,38
194.06077003479004,49.32,38
194.1620409488678,49.32,38
194.26295018196106,49.32,38
194.36417722702026,49.32,38
194.46495389938354,49.32,38
194.56587100028992,49.32,38
194.66643118858337,49.32,38
194.76703000068665,49.32,38
194.86823844909668,48.83,38
194.96898317337036,48.83,38
195.07026553153992,48.83,38
195.17110753059387,48.83,38
195.2715196609497,48.83,38
195.3726830482483,49.32,38
195.4741358757019,49.32,38
195.57555770874023,48.83,38
195.6766278743744,48.83,38
195.77739357948303,48.34,38
195.8782250881195,48.83,38
195.97995615005493,48.83,38
196.08074688911438,48.83,38
196.1821892261505,49.32,38
196.28296160697937,48.83,38
196.3838918209076,49.8,38
196.4849214553833,48.83,38
196.58618426322937,48.83,38
196.6872682571411,48.83,38
196.7879502773285,48.83,38
196.8885486125946,48.83,38
196.98982954025269,48.83,38
197.09133648872375,48.34,38
197.1923553943634,48.83,38
197.29327011108398,48.83,38
197.39385509490967,48.34,38
197.4950783252716,48.83,38
197.59612345695496,48.83,38
197.69671249389648,48.83,38
197.7982246875763,48.34,38
197.89892840385437,47.85,38
197.9994843006134,48.34,38
198.10021924972534,48.34,38
198.2009494304657,48.34,38
198.30209851264954,48.34,38
198.40330481529236,48.34,38
198.5037055015564,48.34,38
198.6042342185974,48.34,38
198.7055811882019,48.34,38
198.80664658546448,48.34,38
198.9079213142395,47.85,38
199.00918769836426,48.34,38
199.1097629070282,48.34,38
199.21016478538513,47.85,38
199.31081295013428,47.85,38
199.41200804710388,48.34,38
199.5133855342865,48.34,38
199.61401295661926,47.85,38
199.71503067016602,47.85,38
199.81612467765808,47.85,38
199.91745853424072,47.85,38
200.0185251235962,47.85,38
200.11904573440552,47.85,38
200.22028493881226,47.85,38
200.32170844078064,47.85,38
200.4219036102295,47.85,38
200.52294921875,47.85,38
200.6236388683319,47.85,38
200.7242407798767,47.85,38
200.82536029815674,47.85,38
200.92639350891113,47.85,38
201.0274622440338,47.85,38
201.12792897224426,47.85,38
201.22853827476501,47.85,38
201.32919192314148,47.85,38
201.43043875694275,47.85,38
201.53099536895752,47.85,38
201.63152074813843,47.85,38
201.73214769363403,47.36,38
201.8329141139984,47.85,38
201.93411707878113,47.85,38
202.03523969650269,47.85,38
202.13678431510925,47.85,38
202.2377109527588,47.36,38
202.33874702453613,47.36,38
202.44029808044434,47.36,38
202.54135179519653,47.36,38
202.64202785491943,47.36,38
202.7434003353119,47.85,38
202.84451961517334,47.36,38
202.94532990455627,47.36,38
203.04677653312683,47.85,38
203.14779829978943,47.36,38
203.24896335601807,47.36,38
203.35022020339966,47.36,38
203.45079803466797,47.36,38
203.55198621749878,47.36,38
203.65273022651672,47.36,38
203.75380611419678,47.36,38
203.85464453697205,47.36,38
203.95575046539307,47.36,38
204.05734014511108,47.36,38
204.1581916809082,47.36,38
204.25935339927673,47.36,38
204.36060523986816,46.88,38
204.46181511878967,47.36,38
204.56277871131897,46.88,38
204.66411519050598,46.39,38
204.76486229896545,46.88,38
204.86623191833496,46.88,38
204.96709036827087,46.88,38
205.06811094284058,46.88,38
205.16894483566284,46.88,38
205.2693305015564,47.36,38
205.37022590637207,46.88,38
205.47126030921936,47.85,38
205.5726237297058,46.88,38
205.67378449440002,46.88,38
205.77467513084412,46.88,38
205.8753912448883,46.88,38
205.97658896446228,46.88,38
206.07774329185486,46.39,38
206.17889094352722,46.88,38
206.27957487106323,46.88,38
206.38093090057373,46.39,38
206.4818868637085,46.88,38
206.58308172225952,46.39,38
206.68443655967712,46.39,38
206.78558349609375,46.88,38
206.8863775730133,46.88,38
206.98736906051636,46.39,38
207.08894228935242,46.39,38
207.18937945365906,46.39,38
207.2903652191162,46.39,38
207.39130187034607,46.39,38
207.49255895614624,46.39,38
207.59326338768005,46.39,38
207.69420337677002,46.39,38
207.79525208473206,46.39,38
207.89655327796936,46.39,38
207.99795269966125,46.39,38
208.0988917350769,46.39,38
208.19942164421082,46.39,38
208.3008930683136,46.88,38
208.40179824829102,46.39,38
208.50290489196777,45.9,38
208.60309600830078,45.9,38
208.70403265953064,46.39,38
208.80514907836914,45.9,38
208.90632939338684,45.9,38
209.0068633556366,46.39,38
209.10799980163574,45.9,38
209.20853734016418,46.39,38
209.30960631370544,45.9,38
209.41062712669373,45.9,38
209.51215600967407,45.9,38
209.61286783218384,45.9,38
209.71333074569702,45.9,38
209.81460618972778,45.9,38
209.91578793525696,45.9,38
210.01652216911316,45.9,38
210.11752605438232,45.9,38
210.21847701072693,45.9,38
210.319593667984,45.9,38
210.4207546710968,45.9,38
210.52141451835632,45.9,38
210.62211537361145,45.9,38
210.72261118888855,45.9,38
210.82299041748047,45.41,38
210.92392921447754,45.41,38
211.02507376670837,45.41,38
211.12544202804565,45.41,38
211.22722959518433,45.41,38
211.3282504081726,45.41,38
211.4294250011444,45.41,38
211.53088641166687,45.41,38
211.6315233707428,45.41,38
211.73214840888977,45.9,38
211.83332228660583,45.41,38
211.9336748123169,45.41,38
212.03486442565918,45.41,38
212.13580179214478,46.39,38
212.23699021339417,45.41,38
212.33820629119873,45.41,38
212.43873858451843,45.41,38
212.5398223400116,45.41,38
212.6410779953003,45.41,38
212.74240040779114,45.41,38
212.84360218048096,44.92,38
212.94488143920898,45.41,38
213.0459816455841,44.92,38
213.14739155769348,45.41,38
213.24858498573303,44.92,38
213.34974884986877,44.92,38
213.44995522499084,44.92,38
213.5505518913269,45.41,38
213.65141201019287,44.92,38
213.75239896774292,44.92,38
213.85362458229065,44.92,38
213.95430827140808,44.92,38
214.05511927604675,44.92,38
214.15538263320923,44.92,38
214.25662970542908,44.92,38
214.3573272228241,44.92,38
214.4579131603241,44.92,38
214.55864787101746,44.92,38
214.65957045555115,44.92,38
214.76039171218872,44.92,38
214.8618609905243,44.92,38
214.96279621124268,44.43,38
215.0637264251709,44.92,38
215.16461825370789,44.43,38
215.26536178588867,44.43,38
215.3663079738617,44.43,38
215.46752643585205,44.43,38
215.5685956478119,43.95,38
215.66963648796082,44.43,38
215.77132749557495,44.43,38
215.87146663665771,44.43,38
215.97323179244995,44.43,38
216.07372403144836,44.43,38
216.1740972995758,44.43,38
216.27518510818481,44.92,38
216.37645816802979,44.43,38
216.47787022590637,43.95,38
216.5789496898651,44.43,38
216.6795392036438,44.43,38
216.78100633621216,44.43,38
216.88272619247437,44.43,38
216.98384809494019,44.43,38
217.08489155769348,44.43,38
217.18614196777344,44.43,38
217.287113904953,43.95,38
217.38884735107422,43.95,38
217.48910522460938,44.43,38
217.59021401405334,43.95,38
217.69124007225037,43.95,38
217.79165720939636,43.95,38
217.89219689369202,43.95,38
217.99357342720032,43.95,38
218.09473204612732,43.95,38
218.19623923301697,43.95,38
218.2968327999115,43.95,38
218.3974199295044,43.95,38
218.49871516227722,43.95,38
218.59979033470154,43.95,38
218.7001965045929,43.46,38
218.80157947540283,43.95,38
218.9029324054718,43.95,38
219.00329208374023,43.46,38
219.10463953018188,43.46,38
219.20524549484253,43.95,38
219.30563282966614,43.95,38
219.40672397613525,43.95,38
219.50820899009705,43.46,38
219.60872721672058,43.46,38
219.71001601219177,43.95,38
219.81137871742249,43.46,38
219.9125428199768,43.95,38
220.0133786201477,43.46,38
220.1139781475067,43.46,38
220.2150149345398,43.46,38
220.3156156539917,43.46,38
220.41691756248474,43.95,38
220.51731610298157,43.46,38
220.6183214187622,43.46,38
220.71883130073547,43.46,38
220.81964802742004,43.46,38
220.9206941127777,43.46,38
221.02159142494202,43.46,38
221.12313175201416,43.46,38
221.22365379333496,42.97,38
221.3242039680481,42.97,38
221.42478013038635,43.46,38
221.52575206756592,43.46,38
221.62669706344604,43.46,38
221.7282099723816,43.46,38
221.82918190956116,42.97,38
221.93026733398438,43.46,38
222.03194212913513,42.97,38
222.1329803466797,42.97,38
222.23450541496277,42.97,38
222.33551478385925,42.97,38
222.43658232688904,42.97,38
222.53787922859192,42.97,38
222.63943815231323,42.97,38
222.739905834198,42.97,38
222.8410074710846,42.48,38
222.94210577011108,42.97,38
223.04341793060303,42.97,38
223.14398050308228,42.97,38
223.2451367378235,42.97,38
223.3463523387909,42.97,38
223.44712376594543,42.97,38
223.54805445671082,42.48,38
223.64895462989807,42.97,38
223.7493748664856,42.48,38
223.85085010528564,42.97,38
223.9516351222992,42.97,38
224.05277013778687,42.48,38
224.15400338172913,42.97,38
224.255432844162,42.97,38
224.3567283153534,42.48,38
224.45790004730225,42.48,38
224.5590558052063,42.48,38
224.66025829315186,42.97,38
224.76087760925293,42.48,38
224.862380027771,42.48,38
224.96358966827393,41.99,38
225.06434035301208,42.48,38
225.16517210006714,42.97,38
225.26602625846863,42.48,38
225.3675811290741,41.99,38
225.4686460494995,42.48,38
225.56963896751404,42.48,38
225.6701683998108,42.48,38
225.77116799354553,42.48,38
225.87193131446838,41.99,38
225.97305297851562,42.48,38
226.07479119300842,42.48,38
226.17544293403625,42.48,38
226.27652716636658,42.48,38
226.37790894508362,41.99,38
226.4792971611023,41.99,38
226.58103775978088,41.99,38
226.6822328567505,42.48,38
226.78342866897583,42.48,38
226.88422107696533,41.99,38
226.98557472229004,41.99,38
227.08627820014954,41.99,38
227.18725204467773,41.99,38
227.28857278823853,41.99,38
227.38939237594604,41.99,38
227.4898488521576,42.48,38
227.59103178977966,41.99,38
227.69212794303894,41.99,38
227.79329562187195,41.99,38
227.8944547176361,41.99,38
227.99547815322876,41.99,38
228.09641551971436,41.5,38
228.19755744934082,41.5,38
228.2983582019806,41.99,38
228.39949202537537,41.5,38
228.50052618980408,41.5,38
228.60114979743958,41.99,38
228.70132684707642,41.99,38
228.8026487827301,41.5,38
228.90293383598328,41.99,38
229.00413608551025,41.5,38
229.10555624961853,41.99,38
229.20664381980896,41.5,38
229.30746054649353,41.02,38
229.40809679031372,41.5,38
229.50861120224,41.5,38
229.60935950279236,41.5,38
229.71039962768555,41.5,38
229.81158447265625,41.5,38
229.91286611557007,41.5,38
230.01324486732483,41.5,38
230.11486792564392,41.5,38
230.2161271572113,41.5,38
230.31704092025757,41.5,38
230.41812205314636,41.5,38
230.51906061172485,41.5,38
230.61999917030334,41.5,38
230.72049570083618,41.5,38
230.82146382331848,41.5,38
230.9223849773407,41.02,38
231.02264666557312,41.5,38
231.12368726730347,41.5,38
231.22507667541504,41.02,38
231.32583022117615,41.02,38
231.42723202705383,41.5,38
231.52866291999817,41.02,38
231.62950801849365,41.02,38
231.72968316078186,41.02,38
231.83028554916382,41.02,38
231.9315891265869,40.53,38
232.0325756072998,41.02,38
232.13407564163208,41.02,38
232.2350993156433,41.02,38
232.33621287345886,41.02,38
232.43768787384033,41.02,38
232.5392189025879,41.02,38
232.64002442359924,40.53,38
232.74151349067688,40.53,38
232.84265065193176,40.53,38
232.9437563419342,41.02,38
233.04464983940125,40.53,38
233.14531207084656,40.53,38
233.24580192565918,41.02,38
233.3472135066986,40.53,38
233.44804000854492,40.53,38
233.54907870292664,40.53,38
233.65074181556702,40.53,38
233.75124883651733,40.53,38
233.852557182312,40.53,38
233.95385646820068,40.53,38
234.05485773086548,40.53,38
234.15577459335327,40.53,38
234.25695991516113,40.53,38
234.35789012908936,40.53,38
234.45843625068665,40.53,38
234.55957341194153,40.53,38
234.66093516349792,40.04,38
234.76213812828064,40.04,38
234.86385846138,40.04,38
234.96463465690613,40.53,38
235.0652527809143,40.04,38
235.16574788093567,40.04,38
235.26627135276794,40.04,38
235.36777019500732,40.53,38
235.46889901161194,40.53,38
235.56998324394226,40.04,38
235.67095613479614,40.04,38
235.77134466171265,40.53,38
235.87242531776428,40.04,38
235.97371220588684,40.04,38
236.07404947280884,40.04,38
236.17543029785156,40.04,38
236.2768075466156,40.04,38
236.37762665748596,40.53,38
236.4790644645691,40.04,38
236.58084774017334,39.55,38
236.68160247802734,40.04,38
236.78299403190613,40.04,38
236.88434481620789,40.04,38
236.98534321784973,40.53,38
237.08593893051147,40.04,38
237.18749237060547,40.04,38
237.28874230384827,39.55,38
237.3899118900299,39.55,38
237.49081182479858,40.04,38
237.59200882911682,39.55,38
237.6925175189972,40.04,38
